0.5663912088552876,1.7720165674360377,2.019077441074894,3.257556520963247,6.357127644061751,4.3638178183166305,-5.923517224872712,27,0.9787234042553191,0.6516797801923317,peon
-0.06754234557732225,-0.1261550233679597,5.125213496690952,5.145056566378682,10.280191845053784,5.082399481455387,13.252097107279113,1,13.176470588235293,0.9988789237668162,peon
0.3203099789912104,2.324075758248405,1.2712586294864832,2.863292619860226,-4.9420735423974635,-4.190560058282464,5.57422371872414,14,1.0821256038647342,0.3934827205302193,peon
0.5572645823677004,1.5525354350408733,2.11778583591498,3.137733466776859,5.765493494126635,3.9140014895498654,8.646274314159728,14,0.7248322147651006,0.7597137901127493,peon
0.48270162864350585,1.1948230962173836,2.195844010602673,2.739195710022573,5.206715740988941,3.3366073040863222,-8.25903490109623,28,0.5319148936170213,0.751756033103832,peon
0.5882132440248353,1.6405364593546412,2.2672316157155237,3.373390597293515,6.193704782708754,4.193661336004365,-8.617881853198709,20,0.7189542483660131,0.7989823971113208,peon
0.5032084861705892,1.2718586461092205,2.3254015034449305,3.0715605895671922,5.770067474950025,3.707514983506058,7.732294897827647,17,0.5603448275862069,0.7590936195587359,peon
0.7271210679627111,2.8750054842429256,3.3538406835982264,6.294074164280774,11.895932615902861,-8.412038384841306,-11.124155969887308,15,1.3085106382978724,0.7550901068523737,peon
0.5970887446233846,2.0280328226905704,2.173386973459198,3.4169666353280213,6.212168083870848,4.431017890671622,8.184676004637556,40,0.9769585253456221,0.6931750135097635,peon
-0.0676488780848941,-0.12636692954679762,5.349617755496352,5.361974959857087,10.717771513528508,5.298853251157564,-13.74002640875711,1,13.176470588235293,0.9991591928251121,peon
0.3138866725097593,0.8512891280225048,2.265938181395163,4.711634373799317,-8.880577429876462,-5.139342486187988,-8.210105426480215,27,0.5319148936170213,0.579490397016278,peon
0.4851351084079232,1.1885792923863927,2.535144672107524,3.5169166341781875,6.542947580459265,4.111206505101533,-9.477788367375245,25,0.5656565656565656,0.736609013106709,peon
0.5923949012549868,1.804379549572147,2.1451507541270685,3.580693852368814,6.448153991264918,4.486277914869219,7.2858338987927,21,0.9698492462311558,0.7096682031160718,peon
0.5800104318601885,1.6477727535474327,2.220376757590466,3.3328998625458297,6.112231263762823,4.161865661244176,-7.064134958064303,24,0.7990654205607477,0.737799043062201,peon
0.2755034946292024,0.9643464046420991,1.869211322727507,2.6914308083392577,5.017809028137197,3.200604327958551,-5.33110217887994,37,0.6298076923076923,0.4590823410417912,peon
0.388434207779761,1.0221419309138577,2.004585253017338,3.0060883873464923,5.517191273129762,3.5196617006481943,-6.302239229027206,29,0.5610859728506787,0.6134451714468441,peon
0.6827009136727323,2.1418559662641683,2.4178282352547567,3.752242847242692,6.837278433307987,4.823171058536505,-10.179936256254985,27,0.7741935483870968,0.9065847851964073,peon
0.5280245159723375,1.3096799249636704,2.507926324130756,3.038010954002885,5.811369896062893,3.6938904528944216,-7.183850932230554,32,0.5157894736842106,0.7748355772872835,peon
0.5170684800079556,1.6121640277075822,1.8992750441710833,3.1101524423050573,6.006552358083528,4.10416755165083,-5.653938444163215,20,1.0933333333333333,0.5602759950586037,peon
0.5343165125154671,1.6293311170715061,2.6648578543018884,3.4222488475470887,6.539753466433526,4.499743453541407,6.735633827362686,6,1.0,0.5875794997998607,peon
0.5546587925267102,1.549570907121094,2.0869546139744783,2.9222691243987127,5.4273093261673795,3.6978221991369034,-6.7795817268753975,20,0.7745664739884393,0.7152946105275758,peon
0.5587527747965727,1.3782383544192305,4.292733701271983,3.9633481053268915,8.092222469230043,4.6545204114725784,-9.299740225315729,16,0.5271317829457365,0.7598826744883674,peon
0.6912270852040193,1.923991066789364,3.103635285918807,4.204506273886308,7.858631583885702,5.166644452311742,-9.65866334161696,45,0.6591928251121076,0.9148441224139575,peon
0.4897029086759625,1.4463491964386546,3.9058237237179174,2.4517193696146444,5.759349746744787,3.174933597017889,-5.805063569505407,33,0.5760869565217391,0.6452459836219291,peon
-0.719469774346913,-1.438501184472094,4.286518796355304,5.240964054741689,-10.004705480290186,-4.521713462505642,30.0,0,1.0,1.0,peon
0.38285119756983277,1.0378781316859036,1.4902002057814288,2.476909534108578,-4.463539498408388,-2.9958651081646615,-5.386448071569959,8,1.0526315789473684,0.6030675413471311,peon
0.23167236401482724,1.2330043252290197,0.8131131049304394,2.419592259087916,4.132253999546956,3.1768048169934286,-4.258866178230648,15,1.145985401459854,0.32591553567366743,peon
0.2928091928901675,1.2765383415102949,1.4841411439901595,2.632502812599462,-4.96888711811751,-3.731494283781352,-4.761523578206584,15,0.8333333333333334,0.3852143642359839,peon
0.6141616704491826,1.7414659758555253,2.3224276536398487,3.55242364333179,6.48984929181761,4.423156631259553,19.964625716287788,10,0.7676767676767676,0.8200229270156668,peon
-0.09438800230209453,0.015780190734179113,0.3440728928704402,0.7109579741792948,1.3209700975734813,0.8823610040134612,-1.4885763233293285,15,2.263157894736842,0.28923142795975165,peon
0.4534243626320563,1.1827181957198936,1.7856766007231515,2.5279659628695463,4.684803148898565,3.119353442383586,-6.752415994259968,12,0.6666666666666666,0.6787557666834148,peon
0.589538734288397,1.78971139141823,2.354465043136259,4.14176924972217,7.3899006761546,5.036632354175026,9.480906541322161,24,0.9056603773584906,0.7174284737262054,peon
0.4861889811957504,1.2468908567603765,2.005040864520819,2.686898134169,5.0328677226464205,3.3103436349061717,8.226226765071548,16,0.6272189349112426,0.7146576207005364,peon
0.3893165468523158,1.138229827449698,2.1265795182021745,3.198415464734486,-6.052417763937003,-3.835371870321879,-5.976960631173866,13,2.074074074074074,0.5362850864049545,peon
0.5778981094427106,1.4032780271660519,3.412487649097577,3.9294193365985643,7.602475716270283,4.6366619867178045,-8.60839263225114,33,0.4322916666666667,0.8937325856170423,peon
0.567412552569305,1.351188780373787,3.261790960458541,3.806791761783638,7.341439306542819,4.484219916556876,-8.733801365438117,40,0.421875,0.9077117572692794,peon
0.6710878262542644,2.7680528754888143,2.5862385916501887,4.426923554315315,8.04284831339407,6.296204922914228,8.134867450810331,13,1.1313131313131313,0.6430148364287589,peon
0.24838477968691056,0.5697564918590574,1.3156119347879238,1.4743840901121645,2.869415797293838,1.75992580325137,-4.773995106694602,24,0.31,0.727345537757437,peon
0.5483103846553109,1.6508325950581175,2.264221804657059,3.344584413336729,6.1613650970469225,4.17537859602223,-6.777206292886226,35,0.7562189054726368,0.7186400449709562,peon
0.22138965636848115,0.7575918627449038,0.7830862474626078,1.2936634767557436,2.360966438547222,1.7347895096007504,-2.7840590439663453,13,0.5935483870967742,0.4590032154340836,peon
0.010236142137427554,1.0663245348440844,0.08155511912826843,1.0770513587016757,-2.229818454448864,-1.866154116562741,-1.6724162129300486,29,1.023121387283237,0.243365404948192,peon
0.33631667065989296,1.1896292425291894,1.5211189907896927,2.813094659913295,6.429307116509868,3.614048186021457,4.980476159357268,20,0.8435374149659864,0.3569785884218874,peon
0.7977013546743823,4.259725264745236,8.818983331692648,12.121817059364002,-22.83750510478301,-14.479287329490997,22.676975811259357,69,1.0490196078431373,0.994654919236417,peon
0.6537241061822813,2.1315811681241263,2.205095277265558,3.465744388066664,6.303865243559853,4.536251713216585,-7.255126362814094,20,0.8839285714285714,0.7991763408781374,peon
0.79661468438959,4.264189320899451,4.80213486172398,7.263626427619093,-13.296535463847691,-9.3957328782442,15.238303820261994,26,1.0714285714285714,0.9836681058757274,peon
-0.007548625398781951,0.1471108649062873,0.7356461794689666,1.3935963712518746,2.526909904372344,1.755458027493056,-2.7415823718395864,12,1.435897435897436,0.2672203060643606,peon
0.04629326264449,0.7719594838929165,0.5219456992597391,1.1166509297665985,1.9831598090326383,2.5064214847844752,2.290484580985417,14,0.9251336898395722,0.2636183479143506,peon
0.39301959175369194,0.9474773184021721,2.0591016424324677,2.590249397826171,4.914944653760499,3.06402089507058,6.935684520788242,13,0.48031496062992124,0.70854877628404,peon
0.3052353079857587,0.6929516461842955,2.226989284871013,2.6319864411693983,5.061474745809776,2.978463547926779,-7.907327231432692,18,0.3553299492385787,0.7319677279095609,peon
0.5077575535882239,1.298113873122633,1.9393441873780943,2.4397018305500002,4.629321974279497,3.088902548542862,-6.303963214990968,24,0.5555555555555556,0.7409838330800055,peon
0.4547081575716599,1.4503692973595919,2.1522399247856248,3.0381100516824042,5.896452242307087,4.820749369630439,5.709999709466843,5,1.0,0.5313603470935664,peon
0.6472327782108293,2.1657836878348102,2.143255352056157,3.88437572493084,6.898191742917495,4.967268126833586,9.726177454575142,3,1.0617283950617284,0.745702952842662,peon
0.7044034513488209,1.9549564467067422,4.849701630486572,5.895692206792291,-11.274518040780373,-6.8770636122489925,-12.046131721686784,3,0.5737704918032787,0.9732318271119843,peon
0.6269344540388443,1.7276361120932102,2.673223717010166,3.828321675437972,7.079224042840524,4.692198776153214,-8.691114632924622,25,0.6894409937888198,0.8209651953044553,peon
0.36987732828686487,1.246772025071493,1.8009230653028498,2.5044285593790225,4.681404367292907,3.31153012839282,5.144715137493243,10,1.0,0.4388212890940193,peon
-0.15889921288829564,-0.3118438317776994,3.9007737986297037,4.211963582065414,8.282063380387225,4.178997023566564,8.874686016223594,1,14.933333333333334,0.9378603459320948,peon
0.6294217752014845,2.0093369345952223,2.0919585296638687,3.646595269391566,6.515872168919284,4.651263736689177,19.788199388602624,3,1.0114942528735633,0.7315598548972189,peon
0.3226975223462805,0.7240201123255264,1.663461677281999,1.8308170157504173,3.577957790085117,2.1928519785925404,-6.168997732965255,21,0.29213483146067415,0.8238392655579803,peon
0.42995167899950887,2.2328385601285077,4.606294981359096,3.371480452719695,-7.439135552816997,4.551555994469129,-7.6187666191425025,14,1.0,0.4402135312850826,peon
-0.09052224781132395,-0.17316717510284185,3.681440585237165,4.596015332815071,-8.925329938947337,-4.611961630492542,-8.851441955903047,3,13.176470588235293,0.9585165640574611,peon
-0.12474551087570875,-0.24265200909146037,5.063188289582584,5.100320690449825,10.182088897330075,4.98509525142386,-12.28183177961257,1,14.933333333333334,0.9983984625240231,peon
0.6722939872501853,2.6090903436473996,3.283065345327582,4.603087564366252,8.878169423280713,5.936542307953172,-8.599217980454158,7,1.0,0.709361957197407,peon
0.5546587925267102,1.549570907121094,2.0869546139744783,2.9222691243987127,5.4273093261673795,3.6978221991369034,-6.7795817268753975,20,0.7745664739884393,0.7152946105275758,peon
0.6763895498218093,1.8743321465141227,2.9558310618837758,4.055779234818007,7.56173071380597,4.993065129218472,-9.147367070514438,20,0.6741071428571429,0.9098868438014753,peon
0.32703871547096697,3.3621663858386084,0.9527979013552889,2.034032496684257,3.896176181038611,-3.7257542806222164,3.571346965557109,9,1.4257425742574257,0.3895505385252693,peon
-0.0672336046925756,-0.125524309306691,27.338947370716408,27.319196587622304,30.0,-27.358892633971056,30.0,0,13.176470588235293,1.0,peon
0.5161578634421505,4.186960174270472,2.366991538498271,3.0695929263627653,5.789267734479053,5.197642708355564,-6.8866087801535425,12,0.8087431693989071,0.557986300395819,peon
0.4382379727033069,1.0693167331213504,2.0978164930912016,2.609691135596824,4.9634450119879725,3.144349577344841,-8.235461268867688,15,0.48,0.736161590170789,peon
0.649370486877198,1.730244917421055,3.0190689255662257,4.3581405468141705,8.046748302962326,5.223270656787406,10.475123502315467,3,0.7058823529411765,0.851963746223565,peon
0.3171436468442859,0.7490611891345367,1.589715733353496,1.9165820031860419,3.6697674155292397,2.2911691465463835,-5.5567178236196435,10,0.4266666666666667,0.6861353290641155,peon
-0.133842729856131,-0.2594439184957013,2.030826489247747,1.985193534986131,3.993204109498412,1.855480494225375,6.786560128695329,5,12.444444444444445,0.78687173853337,peon
0.2957986821987958,3.0853567059974703,2.4272882194673393,3.0763652516206226,5.837357751441764,4.673310201901009,-6.520051565121781,7,1.0,0.35538748335552595,peon
0.0022015307254899946,0.2872357972218358,0.5797796890132235,1.0772420694019016,2.1928317464044107,1.5179744237064503,-1.973079271410546,9,1.8571428571428572,0.275692768577848,peon
0.4153374004579162,1.1219806688696616,1.7297592492861276,2.1228986037988,4.050966322875361,2.688894747268009,-5.09834962090053,26,0.562874251497006,0.6626575738789006,peon
0.4485722942683653,1.788046699735206,1.7931976561545715,2.4246212515604504,4.534258359274136,3.3323526167757795,-5.771309170958695,17,0.8235294117647058,0.5068969653352525,peon
-0.5779544754185792,-1.1550171010647228,0.5591449382722119,0.561447167804938,1.1217432209979663,-0.01603758777200935,-5.695721523188548,1,1.0,0.8801611278952669,peon
0.5536010890458151,1.7443189389869653,1.8985225588191597,3.2481431444253115,-5.827662414893744,-4.232944175964372,-6.597219359570229,21,1.0844155844155845,0.6007133357514206,peon
0.6674389056892001,2.4629759410732985,3.0384090059024427,4.230352256993814,-8.187221806924528,5.468525133924058,-7.920495988573595,11,1.1185567010309279,0.7100693306771864,peon
0.6122513328655026,2.0926427605593942,2.8108931079542776,3.2168606037845278,6.424811783103085,-4.866988232259746,-6.344988036903477,10,1.0769230769230769,0.6182960137950132,peon
0.6957354738521713,2.503088392694183,2.735599313117854,4.2426604254803335,-7.788330971725196,-5.515638972350824,8.051644217422686,15,1.3932584269662922,0.7366844407165538,peon
0.5450825366778088,1.3853234975299402,2.330975368789188,3.003688719107685,5.671023600420817,3.6963558844652575,-8.11294175925668,70,0.5626911314984709,0.802659765699646,peon
0.33958845379976726,1.0317522048471295,1.8308287602652682,2.48555887139921,4.655166834078527,3.2601385000108456,5.289090192321374,24,0.58984375,0.49945462067927937,peon
0.5868293143831682,1.8010310699200789,2.3457344212944773,4.022010850565766,-7.5441271858379,-4.936350717599178,7.257242160506765,17,1.1882770870337478,0.4886073260756015,peon
0.47802813125529836,1.2271073294905197,2.000387132225926,2.664143767850926,4.996490872187364,3.2778056319546414,6.708837676831116,23,0.7172774869109948,0.647462627294131,peon
0.47907547007189694,1.1544928722117915,2.8348679210953565,3.6060711040510762,6.826840492668699,4.183575843353856,8.256596808440579,66,0.4835164835164835,0.7691731836107212,peon
0.6111349950956351,2.2287964405636598,2.6500521326181175,3.7942542338927723,-7.554960648468739,4.9397082256784435,7.035396252144856,11,1.334056399132321,0.5696980419910356,peon
0.3748180455470921,2.4832750189353967,1.4123984009807962,2.5641319589910387,4.730560475253938,3.9434286353006507,-4.6783898491194,27,1.033236994219653,0.33897125290951297,peon
0.553936544884911,1.432907321492953,2.319193168091411,2.5505271061387433,4.988617266970864,3.2735667430078705,5.900774555403301,13,0.6446280991735537,0.6650052075583991,peon
0.5239152335260394,1.3495529593149778,2.0435173129272735,2.6305196383100617,4.967571388577759,3.3053133415622056,6.874875167174936,119,0.5994358251057827,0.7771213055681496,peon
0.5332619506250621,1.3742906914842021,2.155329873885931,2.7836338686835216,5.253115739976531,3.4707792144262664,-10.462382347008806,63,0.572,0.7967149905992613,peon
0.3742062569836276,1.2782651442777635,1.6993671386554345,1.7141261023937577,3.4217448949873814,2.3720442744075267,-4.6193847335856235,18,0.6724782067247821,0.3431671598755596,peon
0.7112556464525862,1.9883061929631498,4.168861857413277,5.919103037290579,-11.02534412309874,-6.943969578840771,11.26474889964836,23,1.7272727272727273,0.876715243059249,peon
0.491775942448003,1.237102970647868,2.0445248788911092,2.576814584758433,4.8874994741145334,3.1953862889398343,6.965554815844711,49,0.5460251046025104,0.7515311700580624,peon
0.505211511118488,1.302178650293399,2.0403822147203123,2.743827175963346,5.13594250464824,3.3949228178308553,-7.290979432888383,52,0.6326315789473684,0.7191450317342287,peon
0.4432778038791373,2.0090479115558066,3.926658640443943,3.8442085940861817,7.779654303316012,4.999387537822257,-8.073008179290621,40,0.851063829787234,0.5129983568278128,peon
0.0800562259243604,0.750235600437111,0.7773133343999865,1.7445838682862054,3.035180907894845,2.1366954926267407,3.452564291783215,14,0.7909604519774012,0.21645669306499843,peon
0.5105480473451401,1.230109133339389,2.9563669673017334,3.2454027787911017,6.346287850026475,3.860461786902691,9.366125183618685,36,0.4701670644391408,0.7420398986957758,peon
0.5151725898444719,1.2988132012678077,2.1139529727322293,2.6669177082980244,5.057364525519896,3.316375717236502,-7.1958273026686435,55,0.5703564727954972,0.7581156537875825,peon
0.4973973263797597,1.2510996397669725,2.0744117682792096,2.6236742926360863,4.972717393856457,3.249224256141795,-8.216192247273163,141,0.5459662288930581,0.7624261917923301,peon
0.7198909242470517,2.7693621206377252,3.5606055769295795,3.8085700931935937,-7.49541478911196,-5.200828940732237,-8.485910147087855,49,1.0509554140127388,0.8019944025024107,peon
0.506883003834389,1.2577249628064722,2.164399838169831,2.6671630812993175,5.082944547448423,3.29602557280134,8.847739235634137,72,0.5369198312236287,0.7738014097267217,peon
0.4339908491719352,1.4497198241835818,2.297534528230099,4.163043704452988,-7.633591122068875,5.238945878814292,-7.480534564767023,11,1.7298850574712643,0.4796894145224016,peon
0.2792091388449188,1.449195803957852,1.8443867986215694,1.6788901726990926,3.4975636639746632,2.7239880752841574,3.758728742239095,12,0.9672131147540983,0.3066494287012125,peon
0.710380010831917,1.9935260351955892,8.220637459279006,9.013377411156677,-17.673746680082008,-10.033797443143731,-18.00152843502639,6,0.5664939550949913,0.9764920348081925,peon
0.28113962571329915,0.8660341749071304,1.4619055632340952,2.374758116900436,-4.29569211844296,-3.0509013954845154,-5.255099774797891,43,1.7393258426966292,0.4388238118098896,peon
0.6489794907690717,1.8165368719733495,2.410925209012462,3.228567239523911,6.04838519848935,4.136957583250516,-7.788861853092319,34,0.7017543859649122,0.764076321589228,peon
0.5800106618834401,1.5802203691404249,2.1533004803493774,3.032945510110937,5.626068505396565,3.8230556953952597,10.422416392655709,33,0.7,0.8037731692733738,peon
0.5530794001365221,1.3603959341779468,2.8615478383548485,3.2893767074284574,6.364840359625409,3.969576522311413,-8.96338662552394,40,0.5054945054945055,0.7985725264338778,torre
-0.015287797234865336,0.3289491108662717,0.3801941124900819,1.5520524444558115,-3.6010129574376037,2.323334551066268,2.5196635993913272,21,0.5694444444444444,0.28764010905786125,torre
0.7204152441311605,2.521164150662352,3.101514718020375,3.86662462879631,-7.358943166393198,-5.137822909001575,8.064985759232709,43,1.0483091787439613,0.7693643215088979,torre
0.5053331922827067,1.9550127583577426,4.68595842915051,4.46497173206604,9.184564898850136,5.603667678351536,9.197532286874317,8,1.221476510067114,0.6363317558253793,torre
0.24623431052911166,1.9595181636461565,0.7808233289245352,1.6641557927532562,-3.076791650680884,3.279891365028919,3.0036579068210436,21,1.1990740740740742,0.26644565061415537,torre
0.5093724637004358,1.2273536884265919,3.1010175349873057,3.4356121179861896,6.703927479701294,4.04929322832799,-9.508034812548502,60,0.465311004784689,0.7864504442335892,torre
0.016635311456481186,0.5628570741284441,0.4740337872149664,1.1403083500413262,1.9785689277398808,1.475880675104996,2.3849089654948012,6,1.3067375886524824,0.1826765356790835,torre
0.05022253712937564,0.4659424409457417,0.2516167503563521,0.4641043024864576,0.8228687913493598,0.7053772023048018,-2.012718617920535,31,0.5436241610738255,0.31275025516212607,torre
0.6561377574879206,1.8757648472175568,2.7652107796303267,4.035499016761174,7.435854656598229,4.973382065222102,-10.169134489221856,29,0.7632508833922261,0.8397014233764141,torre
0.6019828162002784,1.502126713378818,3.740081499036495,4.1746676381889,8.135709440490606,4.9402110955139,-9.020081108118521,45,0.5205992509363296,0.8503661816214806,torre
0.6164802498522273,1.6000091571063229,3.6027904453724395,4.7211610305972345,9.47043174865401,6.4037449281821015,8.898172097514484,42,0.5119363395225465,0.7501870043430805,torre
0.5376283234046976,1.5230335594343658,2.756292726261265,3.3599540406803756,6.705488138571401,-4.772623818319107,6.485283223475116,17,0.567741935483871,0.5161776452858778,torre
0.6426961311560514,1.9973267664091678,2.303315682384403,3.116270684580973,5.870499890155824,4.143828146359132,6.192412699336225,37,0.6990990990990991,0.6613141345797445,torre
0.6510640048820944,2.0839064203660067,2.5638842708604197,3.809082181753659,7.144597506957294,-4.9100910996341,7.1475735012189,28,0.9858156028368794,0.6429953821641717,torre
0.6124401407174661,1.5694515880456492,2.8175308407732658,3.551364426723969,6.735847967225039,4.336110059659563,8.62661910761328,25,0.5840197693574959,0.7883828252141212,torre
0.5466003015356649,1.3664489068788475,2.6583176487867215,3.2253302056215305,6.167154136924759,3.9085546662926545,-10.0291869542468,61,0.5392592592592592,0.7951494421525005,torre
0.24653265233302465,1.5048313905931192,1.8750915535168573,2.0085702114119965,-4.349058558436415,3.4214768933821254,3.988125060934708,15,0.830078125,0.3145450910025734,torre
0.24653265233302465,1.5048313905931192,1.8750915535168573,2.0085702114119965,-4.349058558436415,3.4214768933821254,3.988125060934708,15,0.830078125,0.3145450910025734,torre
0.1558318461917586,0.6990167020301402,1.2194972598129143,1.7960275336083227,4.217313860468042,2.190211512858441,3.3070480006268994,14,1.3303769401330376,0.28872642971090173,torre
0.09407552385203154,0.9495793662087135,1.1156161923714336,1.3793290742551432,2.705015404819156,1.8832395583287675,2.8864717563280227,31,0.6213768115942029,0.28063132870920665,torre
-0.6242581957576743,-1.2448940889697293,-0.43886664007499016,-0.4317362190471342,-0.8670348007838099,-1.0541165857693497,-1.5740843307934052,10,0.0849609375,0.33713823335323506,torre
0.39994156780875206,1.4944169195450892,1.8261074599177884,1.5847291382171382,-3.308420396211247,2.4981830732050847,-3.83669256970441,28,1.3007194244604317,0.3183058272429572,torre
0.1497078311372819,0.3927052470340656,1.8136776936129342,2.9463700439618714,5.337224350800315,3.1447769090049067,5.9828407713089735,6,3.404255319148936,0.41514116352304054,torre
0.6676777715679247,1.8367835165758082,3.6700026082125268,5.3647891438988555,9.887277088033116,6.2858850311475924,-10.699656135826647,35,0.6749226006191951,0.8799063534350529,torre
0.6243127501091278,1.6699678635051585,2.8404594375510994,3.898798754737608,7.268427972082167,4.733782767477979,-10.395053393508917,16,0.6839080459770115,0.8226241682291092,torre
0.527208023868987,1.3129399498462029,2.261651628806648,2.5747377701837775,4.992958356140796,3.2313350464009796,6.95478622331893,54,0.4945054945054945,0.7343176830268191,torre
0.6124401407174661,1.5694515880456492,2.8175308407732658,3.551364426723969,6.735847967225039,4.336110059659563,8.62661910761328,25,0.5840197693574959,0.7883828252141212,torre
0.564772273965125,1.3982606657309344,3.2454861325425672,3.6261655711186003,7.061991889692347,4.325339624890341,-9.89582983157181,46,0.5,0.8082681255592455,torre
0.564772273965125,1.3982606657309344,3.2454861325425672,3.6261655711186003,7.061991889692347,4.325339624890341,-9.89582983157181,46,0.5,0.8082681255592455,torre
0.17092607577831564,0.5441337166383828,1.0797462148902146,1.8612488417327158,-3.3318437463794304,-2.1424789859442153,5.005945501271157,72,1.8842729970326408,0.3913211646129399,torre
0.17092607577831564,0.5441337166383828,1.0797462148902146,1.8612488417327158,-3.3318437463794304,-2.1424789859442153,5.005945501271157,72,1.8842729970326408,0.3913211646129399,torre
0.3204981725556742,0.7176411080716919,2.5803463497134467,3.4683281964006056,-6.600139287895399,-3.887457871279839,6.696916346287582,54,3.7630057803468207,0.7379905005480453,torre
0.6426961311560514,1.9973267664091678,2.303315682384403,3.116270684580973,5.870499890155824,4.143828146359132,6.192412699336225,37,0.6990990990990991,0.6613141345797445,torre
0.7142958726998226,2.5646479094224186,2.5271326368661287,4.110019317671875,7.428595592902162,5.392390562268973,-10.359892682135426,36,1.0,0.8013494371132484,torre
0.50800095680649,1.2961894810375585,1.9936771875227706,2.2600051940146906,4.386850209318512,2.908163392539668,-6.763936129842985,52,0.4984771573604061,0.6436514979742036,torre
0.5869332594688293,1.590098936511997,2.313351702252715,3.0623179891632524,5.75036603704475,3.8574818319383732,-7.254240771133352,41,0.7353535353535353,0.730889705663522,torre
0.48931930933905465,1.2093600718535582,2.2553297986841896,2.7995907027410003,5.327052295279656,3.404304010467099,7.931580670985136,21,0.5584415584415584,0.6895447702648262,torre
-0.26517185894292733,0.6112389004437612,-0.22184685818600844,1.440824085432523,3.030039642438972,2.4512913243521313,2.0527098499608956,25,1.535181236673774,0.1523522524899413,torre
0.3946725864690026,1.9677379983569472,2.325669163240678,2.3465239929583546,-4.77790748080174,-3.6110617588561915,4.907385137871637,11,0.9846153846153847,0.42640168548158863,torre
0.5126994366110583,1.2554516370038884,3.877751939693494,6.713097707575169,12.12128531148948,-9.232065262941424,-12.20476378493158,16,0.43169398907103823,0.7277865964613419,torre
0.3882263945355232,1.6066130864302552,2.7233287328263254,1.676807482104467,3.970905910286368,2.480129173776913,4.103940028109142,18,0.9075425790754258,0.38880848813325847,torre
0.5709894856775487,1.4614443002456428,2.611215185744481,3.3060591197443796,6.264710192008907,4.036798938681133,8.36126825884163,40,0.5870307167235495,0.8006348296360775,torre
0.6790988778926929,2.0540097874165753,3.8663981260412603,4.204144894889555,-8.240657285626876,-5.250421802176699,9.361548767850774,25,0.7612903225806451,0.8276678445229682,caballo
0.17604567346403577,0.6520630906286731,2.196795416861215,4.598026531810976,-8.381086915414357,-4.924383325795865,-8.0357199076396,30,0.40064620355411956,0.4056078391194895,caballo
0.7192408027411412,2.633132760441418,3.7707965304282975,4.642827494111941,-9.864612177630606,-6.080686212728616,8.85167581542963,17,0.888030888030888,0.7944622545720055,caballo
0.3821949498065153,1.0335677533505727,1.345769010915541,1.7093122516811297,3.239374014233569,2.2375824704652088,4.205691658640489,51,0.4199424736337488,0.5422006013913451,caballo
0.4427265538970172,1.9060893421355127,2.594966666115702,3.601133547548096,6.701493077627217,5.006547395936697,7.686962733824513,19,0.7701149425287356,0.488957682633572,caballo
0.5988340048846447,1.5927627966268345,3.1386692611344658,3.7852603588522484,7.747847006348129,-5.872315257485536,-7.270034930863961,53,0.5887850467289719,0.7476003158633598,caballo
0.7009961126185721,1.9374211426779997,3.607658015270831,4.82871340433676,10.107399273064438,6.315522502382832,-9.048548805290396,48,0.5754475703324808,0.9345019182431539,caballo
0.7540098743555786,2.7257254335877232,3.5598212743208992,5.0930574449611585,9.419541861354558,-6.961024208668024,11.261016547823251,41,0.8931623931623932,0.9141672220987929,caballo
0.6512289217163236,1.7583330391110552,3.5460934140511995,4.204712542970567,8.461800580700297,-6.020536374002266,-8.12121492871942,75,0.6072186836518046,0.8268395573997234,caballo
0.3662793800546171,1.4667205029272266,1.7277418093456076,2.8999210177741985,5.387357701683807,3.6798869670111136,-5.343398171978556,23,0.6666666666666666,0.4563846034662122,caballo
0.12482308139733411,0.6023630165656192,0.2467187779152929,0.4468165542730921,0.7937584546662593,0.750814037426672,-2.3414816633442275,38,0.4671916010498688,0.3317369334037258,caballo
-0.07138939627703395,1.4475492520282043,0.02847130626204505,1.3743746267956058,2.0759076294124257,2.486707535806262,3.7234621958913614,31,1.3323442136498516,0.18929847632743788,caballo
0.6412464500934424,1.8303542333573801,3.514046294884205,4.146433051325525,-8.763818712188575,-5.261110971396254,-7.982538355827518,21,0.6402877697841727,0.7440219378427788,caballo
0.0995585623345814,0.5472994959420135,0.17141225915918895,0.3739385979489819,0.6466348940857433,0.6523482811578664,-2.6552655466182866,43,0.46758104738154616,0.3226336680161485,caballo
0.5726625476618094,1.5726260570134696,3.537503711386986,3.2672022943196253,6.737602320033094,4.06028254921885,-6.954663637525696,14,0.6255506607929515,0.7144845412068794,caballo
0.1336828000864407,1.1384408320900115,0.8699336970614655,0.7894548573568673,1.6417081883260594,1.3616495920976632,2.1220477375554165,60,0.5823367065317387,0.25999068537604036,caballo
0.5804175516003466,1.4915877258662111,3.040744398097735,3.731024921454827,7.181060137789738,4.5476841301669415,7.412972725350161,20,0.5230769230769231,0.7816547915109165,caballo
0.4711127868910414,1.565004828963371,2.321845067754499,2.2815233455236728,4.590515513083624,3.076888467683649,-5.323330334673022,29,0.599502487562189,0.481303433394335,caballo
0.5947892753145706,1.5018422372861042,4.8373919300181045,5.748799047258672,-11.281634045648076,6.522511008502112,11.129353115612012,22,0.5614973262032086,0.7388533913776155,caballo
-0.07887362428740517,0.022533718859507664,0.7541080466101168,0.9320504717323487,1.7764574414848222,0.9459983967386855,2.882618697561892,14,0.700381679389313,0.23973115437162046,caballo
0.5350000062790328,1.380260397511531,2.7047250573929276,3.6768235898147297,6.978776930250794,4.457716417707583,7.066186513740241,15,0.6232044198895028,0.6261541427183283,caballo
0.5132678506268468,1.5467040297702177,2.5755348771227378,3.079135817484269,6.183175560556509,-4.105440683835517,5.977694800829934,36,0.6223776223776224,0.6147879004034685,caballo
0.7246845293659071,2.040621188330464,4.540409315662247,5.604602704060754,11.571132309974512,7.18833740060171,-10.680675433462273,43,0.624031007751938,0.9582163501238645,caballo
0.6592819250510993,1.876700815877918,4.431038655095404,4.4598211563666075,-9.198821991047884,-6.078034176791181,-8.970264831483982,27,0.633147113594041,0.8083783101103671,caballo
0.6951148149481635,1.9920938032390114,3.8861486898391764,4.954494676505082,-9.463889428737694,-6.449702177786763,9.61133657805554,26,0.6303501945525292,0.8841186887228437,caballo
0.7009961126185721,1.9374211426779997,3.607658015270831,4.82871340433676,10.107399273064438,6.315522502382832,-9.048548805290396,48,0.5754475703324808,0.9345019182431539,caballo
0.7099081074512186,1.9280496493140864,4.324096186210193,5.56957938225218,10.60159701339579,6.607176419868482,-10.760825380112145,41,0.5534883720930233,0.9709740377632534,caballo
0.6250914944212869,1.6247923133156879,3.654442341649145,4.611266393179361,-9.34916889469965,-7.467479478209685,8.757937367336044,23,0.5489130434782609,0.8130206726319037,caballo
0.7972662225615934,9.196028360692575,8.27378224091835,10.828279202269023,20.38965887889393,-15.59152695561131,21.045392756265723,47,1.0,0.9976086275147139,caballo
0.5888174363350617,1.4619790154343941,3.5213308627483344,4.186159744351632,8.052491683827881,4.929526656682222,-8.664590290805963,35,0.504950495049505,0.8322568739619856,caballo
0.6154638606690478,1.594488553650797,4.542963001158814,4.853884509258187,-10.030936213293293,5.746189916957841,-9.577696921876791,38,0.5161290322580645,0.7868164222234338,caballo
0.6560656995096943,1.7165542789384947,2.9481470851769362,3.829583348041184,7.218464506081472,4.687870280697762,9.285570038170492,39,0.582010582010582,0.9169066099148723,alfil
0.7229031428249685,2.6920196242978234,2.666373389944806,3.5892430439637786,6.725216135412952,4.942564278875059,7.433523307564814,12,0.7692307692307693,0.8792731752386819,alfil
0.7023032887506415,2.5898145915765896,2.485163264643654,5.716404565394553,9.817198057049273,7.011315809228984,11.994963944960356,14,1.0,0.818226100510765,alfil
0.3499112760490356,1.6879691952592384,1.2442024799494218,2.7766859522454603,5.730119665519156,3.6273272665698584,-4.789972103449254,7,0.6384615384615384,0.46292538245394943,alfil
0.3029720460344967,0.6899897060577717,1.8720222950048853,2.6109102335135566,5.423589397598326,-3.822111382811177,-4.868611888920669,31,3.3870967741935485,0.7207643312101911,alfil
0.7351901403041091,2.6779420160663,2.7914801349441536,5.85917663822072,-10.254848749633316,-7.200872439447474,10.463492714768702,9,1.2234042553191489,0.823213070115725,alfil
0.4354041260513139,1.0287306871760793,2.49715709260822,3.3017465125506456,6.201241819605145,3.8161546111630242,-8.050330258453014,11,0.4647887323943662,0.7478542388194549,alfil
0.6036390647289313,1.9651635332742818,2.6202042181081286,5.019938959721773,8.845619986291993,6.005147605997427,-9.636726724832187,24,0.925531914893617,0.7108669108669109,alfil
0.7981703473772049,8.166939852094208,9.999867614637388,16.47157515144872,-29.530678741653652,-20.557622744349935,-29.904656730987316,71,1.0,0.9937729669890374,alfil
0.17012228037013327,0.698391056300226,0.9246799633827937,0.9404643795135496,1.9036328516409902,1.2926689612416193,2.313697801444268,22,0.6866267465069861,0.3122439282765497,alfil
0.41108269646676265,0.9601794638064298,2.1873340330891913,2.633657498724567,5.044200240936753,3.1138761579097696,-6.876614481945036,29,0.3979591836734694,0.7541416566626651,alfil
0.4795298069788561,1.1554214957971014,2.193326231191551,2.833467797991516,5.346865806160916,3.4111798215791134,8.01664151312928,31,0.513595166163142,0.7902513242045617,alfil
-0.06588273530054597,0.6086344370058437,0.872654193084521,1.2931852489688649,-2.3775683937495624,1.5984147910668773,-3.462528378686275,44,0.7866108786610879,0.2117073475638341,alfil
-0.42579021469528866,-0.8476615288329713,0.28430517797836496,0.32085570653459133,0.6234538788841714,-0.09372295317351702,-2.6674666635371413,12,13.79245283018868,0.5461083046430065,alfil
0.4551410007794509,1.0866549167556676,2.0570923632675178,2.5869292088506666,4.9089401146197895,3.130256693074792,8.038251942420104,13,0.45794392523364486,0.7782266791717769,alfil
0.44648655157734396,1.0626537003298953,2.1582996296776042,2.6766855126654168,5.094178158675925,3.208012598569744,-8.325491297759728,52,0.45877551020408164,0.7836343377819596,alfil
0.33872836713419463,0.899872303579035,2.0575534568607843,2.931554088837776,5.427491768663751,3.3835202770887047,6.524623156129588,14,0.5263157894736842,0.4964730926737746,alfil
0.49647471439138086,1.2083870929806735,2.1572894463030314,2.700080526802733,5.128781523389803,3.304283287126983,-7.194954546486513,24,0.5149031296572281,0.7403080663689884,alfil
0.576298015378177,1.7543028523981927,2.1984979466451335,4.91442957758706,8.54311089163215,5.819758477194002,8.745058076046984,14,1.0158013544018059,0.640275423373223,alfil
0.27036505688803414,0.650535660850719,1.3639062541449902,1.5771867047413435,3.0485784379699834,1.9072697190846548,4.253039269588535,31,0.362962962962963,0.4985557434318297,alfil
0.078080258003775,0.32655257185546654,1.5743781402740222,2.3599556143119758,-4.368398391315883,2.5296185907718645,4.707962513870956,17,0.4453125,0.4268643894744995,alfil
0.45743352828182876,1.0889679232770848,2.0550589108588473,2.5073076833021015,4.788491164564089,3.051792028570134,-7.824245212094837,49,0.4388059701492537,0.7965783101822352,alfil
0.40941869872638564,0.9846010096444547,1.911294384191395,2.3823425409350487,4.529164239071447,2.8746506423421674,6.942564165941858,51,0.4712778429073857,0.6903793163313909,alfil
0.33161185991987596,0.7922368176362646,2.108514662487554,2.693342244523383,5.09427101326805,3.089462489982693,8.01332790592085,25,0.39655172413793105,0.6860977099879917,alfil
0.34449937505193845,0.8285147284199202,1.656465754721755,2.060744461250389,3.9193496054891312,2.4750019071730796,-7.30805674502266,26,0.4424083769633508,0.6727709255249035,alfil
0.17185570884075996,0.5885538356788228,1.5506395274092606,2.719316316401261,4.855169805655455,3.014753046015356,-6.0519642538081495,16,0.6616541353383458,0.3955415449717383,alfil
0.4080479922491379,0.9783855411705903,1.73240042974005,2.1144026123620625,4.037807167842244,2.60359941312663,6.465144309363752,80,0.42735042735042733,0.7532740084025273,alfil
0.6043402148884817,4.961973852265955,4.8568156735359445,4.012509608732528,-10.560183795084157,-6.510383231358288,8.447185154454354,8,0.9180327868852459,0.7175859689136825,alfil
0.6428588709705176,1.7456808140523385,2.5203540072080592,3.574808829108519,6.622390257251281,4.447649249464505,-10.29110484008773,3,0.7075471698113207,0.8824824913007091,alfil
0.5705546407976311,1.703198268309249,1.894790255651658,2.937458681486446,5.353583151149139,3.7890578218409754,-9.502522910009771,24,0.7421875,0.7816401626821028,alfil
0.41004933109533614,0.9696739928075612,2.389320521191426,3.148381354727786,5.917283573590789,3.6332700874195707,-7.730657256756928,22,0.4708249496981891,0.7086524271372958,alfil
0.0005123358012504443,0.6840794185608643,0.5977937019833289,2.1937030695436595,4.294408545548503,-3.0338069890370214,3.598069923810143,20,0.7801047120418848,0.22132535809853612,alfil
-0.27077301139865145,-0.4863989318419521,0.4405439805698684,0.8372461242869436,1.4846405901834248,0.7472308518945857,2.184059701511802,6,4.9,0.27673465256338886,alfil
0.4455083256765819,1.0642460388217987,1.9774763365226626,2.3952922675932715,4.581695675457556,2.927429069415924,6.609480594889346,42,0.4425087108013937,0.7435816025478205,alfil
0.39816744902098394,0.9356187141560051,1.9931832885672038,2.386813008516701,4.576822127466227,2.8546578847610236,6.725082418657381,36,0.4004237288135593,0.7437800824460531,alfil
0.557850453159732,1.4895083958204745,2.406617430538804,4.109920714284767,-7.388781983132738,-5.309647938851906,-7.889930347191414,25,0.7341772151898734,0.6261471128053084,alfil
0.4922435960326933,1.1911422172994914,2.2745662647109315,2.890299604973491,5.472734305983512,3.4858725299995923,-8.017594598168335,51,0.4880952380952381,0.8040277818382289,alfil
0.3913773657672574,0.9339782661728941,1.626965744211156,1.9398004638157638,3.7231872532729087,2.406798309877498,6.108317678655754,31,0.42127659574468085,0.7318372684226343,alfil
-0.20843419997857368,-0.4082832493843369,2.580049966588258,3.1256569738802225,6.0852982762408425,3.251344394473824,-6.183836871527197,14,11.319148936170214,0.7706952303961196,alfil
0.35060648470818184,0.8248175554809292,1.767080422792707,2.1571793373838366,4.119311845438663,2.569594908151713,-6.577877772377192,21,0.4251968503937008,0.6564172583287821,alfil
0.45794595812832367,1.0902151334545043,2.057988132069836,2.5111867648131083,4.795774447015473,3.056294806709825,-7.779765559637029,64,0.43896976483762595,0.7981381401765233,alfil
0.5010334121256189,1.1441935359010384,22.183437792368714,20.57581533652931,29.999999999999638,21.570078592537712,-29.999999999999684,0,0.375,1.0,reina
0.763506498805811,2.73694808508357,6.435790247113185,7.483636569445296,14.749305374588324,8.906933337609589,14.504202063186145,1,0.7678571428571429,0.9884745496027063,reina
0.6289088786648839,1.6543105745134719,3.1014298389406756,4.572704094773991,8.409773199158781,5.399860543834139,10.91319343713739,12,0.6428571428571429,0.8678424057430332,reina
-0.005268933439375873,0.2965561049235362,1.251931100859778,1.1519052233169063,2.490648366069704,1.4710118396723024,-2.5189499075950867,7,1.7844827586206897,0.31978135713823663,reina
0.43776149857053503,1.824691674185966,1.808786784504173,2.3086672934916512,-4.367442997412596,3.221045032168088,-6.1921878018945025,15,0.9910714285714286,0.45703961631955853,reina
0.3516404683020354,1.5607238324780603,2.3655141843688283,4.634713454147303,8.149822320110975,5.419698904645366,-8.722684899924,12,0.875,0.4102422747715073,reina
0.43832533853617994,1.1500620090039755,1.9692426200293487,2.7489825687502694,5.1364423342462855,3.342469157345797,-5.564236876644736,18,0.5368421052631579,0.6019309052919773,reina
0.709310717111326,2.1005824819995573,3.5421459322625957,4.860479524525447,9.214240146254465,6.164416607494403,9.210391408867833,18,0.6675126903553299,0.8208460846084609,reina
0.1042079531688873,0.4081037709896952,3.672342945337606,1.8609801374974217,4.629130395518165,2.0650375583020124,-5.710356753792179,5,0.3984375,0.34209233113760223,reina
0.34646284164349794,0.8326060697175368,2.594587947946825,3.934020801480405,-7.9592635103367995,-5.550026512565065,-7.2049548235423995,39,0.44516129032258067,0.5730447780711228,reina
0.4619081999836656,1.1773204437989768,1.7794656743890382,2.1671541434908126,4.14055126734701,2.756059237120032,-5.838589432149187,18,0.554726368159204,0.6275815930884162,reina
0.4867826890432783,1.2083631958992955,2.072663104201673,2.6909167661294005,5.072710098253785,3.295181469623004,7.475540414743148,33,0.45294117647058824,0.6971616070316039,reina
0.48681572896316094,1.205226126822536,2.0526969779545494,2.621492991807482,4.958588056213255,3.2241061659645394,-8.176713998205363,15,0.5355648535564853,0.7052216083350864,reina
0.34197161436690793,0.8400415748295154,2.3652305392811606,3.8123161859538413,6.932947992010564,4.255849085308629,-7.333588933834369,27,0.40794979079497906,0.5493915281254201,reina
0.485349893590206,1.1603305914930073,2.4023805403426204,2.948694417832137,5.624233652408377,3.528859919533215,8.170410893367281,28,0.46474358974358976,0.7658372594535939,reina
0.41099830237404045,0.9977871781836389,1.6838818553959929,2.030536204665933,3.887751793494572,2.529451296226883,-6.147713554854312,34,0.4355016538037486,0.6676863054803919,reina
0.3707891350513091,0.88328069091881,1.7602022396881474,2.073782810820337,3.990778272520366,2.515427455100681,-6.4252429685313235,33,0.4161490683229814,0.6460226515656229,reina
0.6264967760389984,1.6534202612833626,2.9228148993942673,4.424354885447616,8.098118546943256,5.2514797269696585,9.640260117960583,28,0.545,0.8377815424778515,reina
0.37923483318956336,0.886117065899297,1.8474995661909883,2.1809486675641603,4.195172841720122,2.624007750534213,7.484554579247505,21,0.39574468085106385,0.6879049034175334,reina
0.26955012836192754,0.6168759059127379,2.027000322199604,2.31183882719969,4.481345219315894,2.6204517262720595,6.180375537825709,16,0.33004926108374383,0.6283747779751332,reina
0.4566993233076988,1.08862458751878,2.487055837713482,3.182504527201077,6.017285411118808,3.7268174690741174,8.76266062296094,23,0.4897959183673469,0.6820563163664327,reina
0.4648039733943778,1.1109992425748296,2.719889182421392,3.2898572255906453,6.294742649888134,3.8453927366789222,-8.41957291527052,48,0.453781512605042,0.7334851445319235,reina
0.4562071541715757,1.0875358317044028,2.4858117293000763,3.1824214594265805,6.016538734569036,3.7261900051592893,8.7684124359869,19,0.49244712990936557,0.6802832701879289,reina
0.7112564561513192,2.0362946038125873,3.7171321226923926,4.548267759924708,-8.681503843157627,-5.566736267446776,9.984972990448298,19,1.346774193548387,0.7858755847088553,reina
0.44675040690014256,1.1093773062419956,1.8413429788679208,2.3185720258481894,4.398533482291542,2.8732638103960735,-6.768385646178147,31,0.5322283609576427,0.6759925727468284,reina
0.38932088286519856,1.019748264828129,1.5877850894928038,2.072984313209115,3.9063644133671973,2.590483071464437,-4.8350148238878585,26,0.44594594594594594,0.5287731641223301,reina
0.41320131107606906,0.96002602970101,2.142666763783181,2.481508254573916,4.793595780579254,2.9615213130461915,-8.348972295763593,48,0.3779697624190065,0.7363085713642562,reina
0.39447325665780375,0.9494176719296351,1.8229140821446752,2.25764097633603,4.297918900135806,2.7323498612190766,7.168239650560959,26,0.48672566371681414,0.6427750359647855,reina
0.4467484509522261,1.1093568248782888,1.8414158538655983,2.318647924817637,4.398683716801944,2.8733294276185855,-6.771379527886486,31,0.5322283609576427,0.6759882445107146,reina
0.4530705966999636,1.0815482798211027,2.048534233240686,2.4545209972748747,4.706054421690746,2.9953215264536044,-6.992372077119759,24,0.44794188861985473,0.6949671772428884,reina
0.2587267450206265,0.6216740189162404,1.356639665013626,1.5941982982676077,3.0698319879718374,1.9060444069795712,4.57217760532211,30,0.375,0.5906923747179338,reina
0.4337426442523966,1.0249223495237902,2.180672749873909,2.6168844669425977,5.015663087845274,3.1293456847378955,-8.635682127506486,52,0.4250559284116331,0.7244774790780992,reina
0.40931986634280887,0.9793204756707122,2.027032910842851,2.4766217419066923,4.728492921590166,2.9664399430719284,6.575846969304915,18,0.48161764705882354,0.6689026424044769,reina
0.5563548096013401,1.6813381849882334,3.4025049856482026,3.6104532540483127,7.83507899892259,-4.569144460537113,-7.125033340612582,20,1.9076923076923078,0.5669578468990666,reina
0.38898834113239517,1.0002734196783003,1.6036643481448258,1.9324980273689003,3.7006016149741985,2.432662232107477,5.693845032891141,26,0.5021367521367521,0.5478330313721751,reina
0.5391390094420468,1.6528755427419495,1.8507331360039003,2.829425625496855,-5.176283632968393,-3.719052322372645,-5.9256918009274075,19,0.9590017825311943,0.47629282018079766,reina
0.32226590829505103,0.7767931678056582,1.5949455885242774,1.9685824952778612,3.750346872665544,2.35697981075312,6.65588626506189,8,0.4444444444444444,0.5875704023211432,reina
0.4430625544709885,1.096867984085646,1.7537402376265998,2.202831553865362,4.1811178081794615,2.7512655960073618,7.0722089504215475,10,0.48672566371681414,0.7128690299783427,reina
0.378978472895674,0.976536373993919,1.669446181882637,2.49369108676529,4.848058012040176,3.1661615759357256,4.648018783006014,13,0.6650717703349283,0.5232875302351911,reina
0.2954327656455829,0.6500067588663625,3.122401568766995,3.8459098372864213,7.47536707335718,4.50024750569849,7.485922258024154,15,0.2542056074766355,0.7750966221288738,reina
0.5778474199959264,1.7530078182485498,2.0540472145106867,3.8971333401298973,6.887632097793905,4.774375698989412,-7.461795680339082,15,1.0038610038610039,0.6832860164459174,reina
0.2850952105652115,0.6703805006638391,2.899419188511267,5.331596657196882,9.453403101042108,5.668877606367932,-10.219004095656356,55,0.324032403240324,0.5632776604069412,rey
0.48807532306522367,1.3708508026752808,1.5746673185066047,1.95636953574411,3.721890625552769,2.641795932268699,6.177606694691599,27,0.5889487870619946,0.6038903380860863,rey
0.35300163070964985,0.8372590319602287,1.7592574242682968,2.160807894881008,4.120850513818628,2.579442554246198,-6.290106911709287,22,0.44385026737967914,0.6235203085842312,rey
0.6620919353920343,1.8863873164427174,2.4097538280218846,3.4249382839622653,6.342285010927669,4.368175850077789,-9.097309204534849,25,0.7593984962406015,0.8722815445265384,rey
-0.16854591414747683,-0.3319297210602664,5.237447983202082,6.171317401564762,-11.978590581504944,-6.057767775828706,12.087307319382257,16,18.17241379310345,0.9477288977533587,rey
0.3677015797533391,0.8470075872989391,1.7118928064668397,1.944336973944972,3.772461663516305,2.367921675505024,5.945234945040548,25,0.3387096774193548,0.6976326329072255,rey
0.5784453394369118,1.4006867429843701,3.3784581868346284,4.410780496576788,8.305569838049928,5.1112526529592,-9.858637826816814,36,0.47058823529411764,0.8870426813728988,rey
0.45850042249234874,1.105522678415062,1.997342962010233,2.483370731670316,4.723727579482302,3.0361320726031353,-8.898335964634464,22,0.4684931506849315,0.74254490790396,rey
0.28605465489281195,0.6694411423369384,1.4852574239580185,1.755019620297892,3.3751582349275977,2.0897412605230516,6.560460371114676,23,0.3788300835654596,0.6590539837528513,rey
0.5411723724108125,1.3284979175939515,2.7177342745575777,3.5522471254667773,6.687279519908565,4.216540391661855,8.545596811696234,24,0.5177777777777778,0.8273000756478446,rey
0.4064642148014299,0.9699738865170003,1.7093118965742662,2.0089109229754585,3.8680247511973738,2.493911814772322,-6.344632407891707,20,0.39285714285714285,0.7068313587093522,rey
0.39425220996300575,0.9068478199014447,2.6207230817876495,3.1401775026503658,6.020663443789182,3.593648625436283,-7.912999589449555,13,0.3950819672131147,0.6951550313786726,rey
0.27906848150403973,0.6531468938461811,1.8487085811221897,2.2554672790486054,4.3075552288682335,2.582041024600693,-7.828322274689688,13,0.37383177570093457,0.6210062431142123,rey
0.27906848150403973,0.6531468938461811,1.8487085811221897,2.2554672790486054,4.3075552288682335,2.582041024600693,-7.828322274689688,13,0.37383177570093457,0.6210062431142123,rey
0.3463965949875813,0.8384464663836996,1.6311101617431265,2.022416959543865,3.849185980898201,2.4416402234711474,-6.148935818327857,24,0.45907473309608543,0.6346838959000061,rey
0.27317517702463506,1.6027090080916553,1.6547751685242102,3.9299864442314183,6.9757953273852165,5.047877280175877,6.803344237415024,14,0.75390625,0.32644500245895497,rey
0.3262678779125635,0.7854387996619255,1.76277700363206,2.219437312579544,4.210547967215034,2.6121599565370186,-6.607104766737145,30,0.4602803738317757,0.5967092628541176,rey
0.4509757759882087,1.1868520416487218,2.9556489159498565,3.2425899632505573,6.9834538705103055,-4.600795884870172,-6.353319167610298,24,2.2544378698224854,0.6021143045920053,rey
-0.07190957520655772,-0.07557616749379428,0.6711655662757776,0.882015427061264,1.658624354708399,0.844228217006978,-3.6942180993738507,43,0.3245952197378566,0.3790191209365563,rey
-0.16854591414747683,-0.3319297210602664,5.237447983202082,6.171317401564762,-11.978590581504944,-6.057767775828706,12.087307319382257,16,18.17241379310345,0.9477288977533587,rey
0.4450504533869848,1.1285865630884782,1.6369935983303594,1.9639810318712123,3.7644778898928126,2.5283102090035134,5.943009616159998,45,0.47127555988315484,0.5760388061496522,rey
0.45197697083377053,1.0985156363683735,2.0613135579621784,2.7067794573971202,5.09082669723581,3.2560401711727573,7.826900774193065,41,0.3990877993158495,0.689241782220648,rey
0.39599983265151834,0.9789575419237764,1.7426196596610062,2.043606450248424,3.9367195113942395,2.5330859517263606,-7.709212738681516,24,0.48501362397820164,0.6207382005234184,rey
0.25288336582764925,0.6068925302824593,2.058956228638092,2.7648830780998406,5.177965638103165,3.069450036884756,6.3129886590285,37,0.37383177570093457,0.5397037623099541,rey
0.32151407214233824,0.7399344336169938,2.236233560478318,2.6685856177398724,5.12119372844011,3.0392633807103766,-6.640567744205205,27,0.5374887082204155,0.6261031476199389,rey
0.052408631902142684,1.7329509352033001,0.581632493337668,1.0045480250654308,-2.3441146862470905,-1.911083974478254,1.8159172782251438,24,0.7070707070707071,0.20359848484848486,rey
0.4585639382120044,1.10624965004452,1.9979406972027507,2.4882324729406418,4.731319233145241,3.0413581901836286,7.778012430421943,21,0.4711111111111111,0.7391671982317426,rey
0.3484336612095931,0.8429459046535045,1.7322362805006148,2.0759882637696148,3.9801016781546616,2.4974643090606454,6.619597694400862,58,0.40837336993822926,0.6413263639333551,rey
0.2850952105652115,0.6703805006638391,2.899419188511267,5.331596657196882,9.453403101042108,5.668877606367932,-10.219004095656356,55,0.324032403240324,0.5632776604069412,rey
0.45904936738295077,1.1069415404566398,2.001465304873728,2.489450430491584,4.734908299292984,3.0429212029570722,8.878920162815641,20,0.47157190635451507,0.7411732753938077,rey
0.4815233138326469,1.1249218893875932,2.6503305070590466,3.1597949330764132,6.0648641289650325,3.7222748203716054,-8.327590634681924,67,0.4074457083764219,0.8056698466509693,rey
0.2661070679077309,0.6569108312131363,1.0608339786946028,1.2248737263167195,2.36772772647955,1.553330365478281,5.451477540670785,48,0.3813725490196078,0.5690527308515313,rey
0.3328293935939063,1.5363340616203875,2.172705520984461,2.441283943625366,-4.811907606428801,3.2254373126788183,5.045866680688571,35,0.9264705882352942,0.4451579727090743,rey
0.23085734770783836,0.6036387570372825,1.0759173252543535,1.261883481820395,2.4318866871004623,1.5637082281761472,3.5784634888236853,30,0.38738738738738737,0.4689700538104019,rey
0.5784453394369118,1.4006867429843701,3.3784581868346284,4.410780496576788,8.305569838049928,5.1112526529592,-9.858637826816814,36,0.47058823529411764,0.8870426813728988,rey
0.3601454713130186,0.8367977445570489,2.5538631165955668,3.1756456415491843,6.04041663306839,3.5940705346579853,8.098568682630834,25,0.4,0.6722293153985865,rey
0.3402401251003712,0.8215986378838384,1.4050495113131962,1.707697591874434,3.264141985109364,2.1186821239051277,5.007339414402738,29,0.46258503401360546,0.6146305779078274,rey
0.32099954298439554,0.9963656280045342,1.565255223038508,2.762688285756898,5.814624810470758,3.569652051676107,4.930328536635906,23,0.7610062893081762,0.34398727515145844,rey
0.6558746121966984,1.807499839497521,2.887560630164329,4.9634475605687465,8.89085318808871,5.868250044349509,-9.918727049323316,22,0.5941176470588235,0.8684867951463241,rey
0.32526112734043494,0.776670545977817,1.6924533093986798,1.9318388548900172,3.743985857095969,2.320384588256308,-6.430454101368879,10,0.5688888888888889,0.5824563614594492,rey
0.2945059375456413,0.7268784775743331,3.7227054920765252,2.4643752911108345,5.574104991464407,2.8290183853358055,-6.129723053172079,42,0.38367844092570036,0.5220472850863819,rey
